method,n_seeds,silhouette_mean,silhouette_std,ch_mean,ch_std,db_mean,db_std,ari_between_runs_mean,ari_between_runs_std,ari_between_runs_min
GMM k=9 (diag),5,0.04049873179394411,0.01365625994926705,853.625287382921,82.46348037452252,3.5860815711172265,0.6747427591331248,0.6303157212644293,0.17215842266149337,0.4370396288634092
