seed,silhouette,calinski_harabasz,davies_bouldin,min_cluster_share,runtime_sec
7,0.04780597507413361,958.7313164056843,2.7992573085819865,0.022342103496878984,2.1124751250026748
21,0.05144402413193317,851.4537447245007,3.4819429115530474,0.007794147258205248,1.8447525409865193
42,0.027793338298837143,740.429119645901,4.659044716879603,0.022417611920263106,1.9933711659978144
84,0.05179580566821712,899.2708538169486,3.3870029447479264,0.006116182294113699,2.949342167004943
123,0.023654515797639997,818.2414023215694,3.6031599738235665,0.004421437680381233,1.9645335840177722
