sc_seed,sc_k,km_k,ari_sc_vs_km
7,3,8,0.19155509567267823
42,3,8,0.19155509567267823
123,3,8,0.19155509567267823
