perplexity,trustworthiness,n_neighbors_trust,runtime_sec
15,0.9905238956832524,10,2.520359907999591
30,0.990981258725638,10,2.7556702560013946
50,0.9910322778801586,10,3.103863285999978
